{
  "local": {
    "unet": {
      "sigmoid": {
        "loss": 0.5256316065788269,
        "iou_score": 0.3395291864871979,
        "f1-score": 0.5019660592079163,
        "binary_accuracy": 0.9119266867637634
      }
    },
    "linknet": {
      "sigmoid": {
        "loss": 0.49611905217170715,
        "iou_score": 0.35519489645957947,
        "f1-score": 0.519689679145813,
        "binary_accuracy": 0.9179544448852539
      }
    },
    "pspnet": {
      "sigmoid": {
        "loss": 0.5443232655525208,
        "iou_score": 0.3125638961791992,
        "f1-score": 0.47085806727409363,
        "binary_accuracy": 0.9227083921432495
      }
    },
    "fpn": {
      "sigmoid": {
        "loss": 0.526762068271637,
        "iou_score": 0.3395357131958008,
        "f1-score": 0.5010930299758911,
        "binary_accuracy": 0.9139343500137329
      }
    }
  },
  "global": {
    "unet": {
      "sigmoid": {
        "loss": 0.2759355902671814,
        "iou_score": 0.5831304788589478,
        "f1-score": 0.734582781791687,
        "binary_accuracy": 0.945639967918396
      }
    },
    "linknet": {
      "sigmoid": {
        "loss": 0.2862541377544403,
        "iou_score": 0.5814777612686157,
        "f1-score": 0.732435941696167,
        "binary_accuracy": 0.9454095363616943
      }
    },
    "pspnet": {
      "sigmoid": {
        "loss": 0.2924286723136902,
        "iou_score": 0.5700674653053284,
        "f1-score": 0.723125159740448,
        "binary_accuracy": 0.9458425641059875
      }
    },
    "fpn": {
      "sigmoid": {
        "loss": 0.2917822003364563,
        "iou_score": 0.5829268097877502,
        "f1-score": 0.7327870726585388,
        "binary_accuracy": 0.9447600245475769
      }
    }
  },
  "global-local": {
    "unet": {
      "sigmoid": {
        "loss": 0.2968195080757141,
        "iou_score": 0.5712639689445496,
        "f1-score": 0.7248011827468872,
        "binary_accuracy": 0.943713903427124
      }
    },
    "linknet": {
      "sigmoid": {
        "loss": 0.30131596326828003,
        "iou_score": 0.5596798062324524,
        "f1-score": 0.7156210541725159,
        "binary_accuracy": 0.9428909420967102
      }
    },
    "pspnet": {
      "sigmoid": {
        "loss": 0.3111359775066376,
        "iou_score": 0.5584655404090881,
        "f1-score": 0.713199257850647,
        "binary_accuracy": 0.9447790384292603
      }
    },
    "fpn": {
      "sigmoid": {
        "loss": 0.2916695773601532,
        "iou_score": 0.574776291847229,
        "f1-score": 0.7275172472000122,
        "binary_accuracy": 0.943452775478363
      }
    }
  }
}